employer_id,company_name,industry,contact_information,location
1,"Howe, Huel and Green",entertainment,mpargiter0@amazon.co.uk,97 2nd Street
2,"Keeling, Gottlieb and Boehm",retail,fbrame1@geocities.com,66651 Morning Trail
3,"Schmidt, McClure and Muller",agriculture,jrofe2@skype.com,85 Veith Circle
4,Bergstrom-Kuhn,agriculture,rjuster3@parallels.com,275 Swallow Junction
5,"Pouros, Purdy and Lind",fashion,fimlacke4@hc360.com,18 Stang Court
6,Mohr-Steuber,technology,dsmooth5@hc360.com,0633 Namekagon Place
7,"Kuhn, Leffler and Gusikowski",fashion,igrimster6@unblog.fr,0852 Graedel Road
8,Gottlieb-Aufderhar,healthcare,vaberkirder7@yandex.ru,33 Mccormick Park
9,"Stiedemann, Larson and Hartmann",transportation,gandrassy8@netlog.com,195 Acker Trail
10,Wisozk Group,healthcare,rreneke9@uol.com.br,09 Arapahoe Crossing
11,Ondricka Inc,education,sblazia@latimes.com,32 Cody Hill
12,"Gislason, Watsica and Ondricka",healthcare,kgentricb@infoseek.co.jp,53599 Johnson Park
13,Collier-Lowe,transportation,ioneillc@fema.gov,941 Melrose Road
14,"Kertzmann, Boehm and Tremblay",education,gallcroftd@trellian.com,3 Katie Alley
15,Luettgen-Cormier,hospitality,tmaccaffertye@alexa.com,1 Kim Street
16,Kerluke LLC,automotive,pellsef@reddit.com,1 Buell Drive
17,Cronin and Sons,energy,aennalsg@cbsnews.com,2143 Trailsway Road
18,Roberts LLC,hospitality,ctoffolonih@google.it,36 Pleasure Terrace
19,Yundt and Sons,agriculture,rliquorishi@nsw.gov.au,58326 Brentwood Pass
20,Bins-Nienow,construction,tpielej@alexa.com,02 4th Circle
21,Ortiz Group,fashion,bpinnerek@hao123.com,57 Muir Crossing
22,Lemke-Beahan,agriculture,hcastelluzzil@cam.ac.uk,848 Heffernan Center
23,Schumm-Dibbert,technology,aweddeburnscrimgeourm@forbes.com,38 Stuart Terrace
24,Macejkovic Group,technology,mcockmann@google.com.br,7378 Commercial Pass
25,"Dach, Predovic and Nader",technology,parmisteado@fc2.com,47 Magdeline Point
26,Mertz-Thiel,technology,ltissierp@slashdot.org,281 Petterle Parkway
27,Macejkovic-Crona,hospitality,mruncieq@unesco.org,130 Ohio Avenue
28,Watsica-Lubowitz,entertainment,nbeertr@ow.ly,4 Clyde Gallagher Avenue
29,Labadie LLC,telecommunications,hgurnells@blog.com,3 Laurel Way
30,MacGyver-Schamberger,automotive,wtanswellt@shop-pro.jp,5 School Point
31,"McCullough, Labadie and Zboncak",healthcare,dlougheadu@hp.com,269 American Ash Street
32,Hilpert-Armstrong,agriculture,aizakofv@tripadvisor.com,4 Petterle Alley
33,Strosin Inc,healthcare,bbolanw@theguardian.com,19440 Autumn Leaf Way
34,"Abshire, Klocko and Klein",energy,lduggetx@jiathis.com,27543 Graceland Alley
35,Ernser LLC,retail,sharrildy@rediff.com,6973 Muir Point
36,Schoen and Sons,fashion,wgoedez@google.de,17 5th Plaza
37,Schoen Inc,technology,shakewell10@imgur.com,03674 Carpenter Park
38,"Durgan, Thiel and Krajcik",healthcare,ahafner11@smugmug.com,41942 Dovetail Trail
39,Gottlieb LLC,healthcare,rmacgilrewy12@ehow.com,59 Everett Junction
40,Prosacco Group,fashion,cmilmore13@cdbaby.com,5 Armistice Avenue
41,Simonis Group,telecommunications,ekeesman14@opensource.org,254 Brown Point
42,Kirlin Group,education,earman15@qq.com,2 Ludington Crossing
43,"Dicki, Dicki and Altenwerth",automotive,obelison16@deviantart.com,2 Arapahoe Plaza
44,"Hodkiewicz, Heidenreich and Gusikowski",retail,nhotton17@mit.edu,5940 Charing Cross Road
45,"Ruecker, Feest and Cronin",fashion,hflexman18@prweb.com,46 Valley Edge Crossing
46,"Batz, Rempel and Raynor",energy,bthreadkell19@jugem.jp,8015 Shopko Street
47,"Satterfield, Wiza and Baumbach",fashion,acozens1a@sitemeter.com,3509 Evergreen Circle
48,"Hoppe, Kozey and Toy",energy,tpieterick1b@altervista.org,79614 Oakridge Place
49,Brakus-Sanford,education,rcoldridge1c@fotki.com,549 Lakeland Road
50,Gerlach-Hermiston,retail,hloveland1d@123-reg.co.uk,6801 Bultman Trail
